Datetime,Water Level (m)
2025-05-05 12:00:00,0.37613663
2025-05-05 13:00:00,0.13846761
2025-05-05 14:00:00,-0.1343854
2025-05-05 15:00:00,-0.362477
2025-05-05 16:00:00,-0.5249672
2025-05-05 17:00:00,-0.5492809
2025-05-05 18:00:00,-0.46591917
2025-05-05 19:00:00,-0.30207387
2025-05-05 20:00:00,-0.08100991
2025-05-05 21:00:00,0.1084946
2025-05-05 22:00:00,0.24070002
2025-05-05 23:00:00,0.3138104
2025-05-06 00:00:00,0.29175135
2025-05-06 01:00:00,0.16121124
2025-05-06 02:00:00,-0.04187492
2025-05-06 03:00:00,-0.22806293
2025-05-06 04:00:00,-0.3487998
2025-05-06 05:00:00,-0.3838797
2025-05-06 06:00:00,-0.3362839
2025-05-06 07:00:00,-0.19662152
2025-05-06 08:00:00,0.024909716
2025-05-06 09:00:00,0.2521779
2025-05-06 10:00:00,0.43537772
2025-05-06 11:00:00,0.55581766
2025-05-06 12:00:00,0.5713009
2025-05-06 13:00:00,0.4255356
2025-05-06 14:00:00,0.13605468
2025-05-06 15:00:00,-0.16329469
2025-05-06 16:00:00,-0.40352798
2025-05-06 17:00:00,-0.5655569
2025-05-06 18:00:00,-0.60090625
2025-05-06 19:00:00,-0.5124475
2025-05-06 20:00:00,-0.33835718
2025-05-06 21:00:00,-0.07774266
2025-05-06 22:00:00,0.14617148
2025-05-06 23:00:00,0.3293136
2025-05-07 00:00:00,0.4433268
2025-05-07 01:00:00,0.458731
2025-05-07 02:00:00,0.31216452
2025-05-07 03:00:00,0.03833194
2025-05-07 04:00:00,-0.213457
2025-05-07 05:00:00,-0.36465123
2025-05-07 06:00:00,-0.4321376
2025-05-07 07:00:00,-0.39117825
2025-05-07 08:00:00,-0.23459913
2025-05-07 09:00:00,0.016209051
2025-05-07 10:00:00,0.26191798
2025-05-07 11:00:00,0.4540531
2025-05-07 12:00:00,0.5818634
2025-05-07 13:00:00,0.59960085
2025-05-07 14:00:00,0.4317714
2025-05-07 15:00:00,0.11590098
2025-05-07 16:00:00,-0.22022977
2025-05-07 17:00:00,-0.47181275
2025-05-07 18:00:00,-0.63037515
2025-05-07 19:00:00,-0.63359576
2025-05-07 20:00:00,-0.50378054
2025-05-07 21:00:00,-0.26854673
2025-05-07 22:00:00,0.038866296
2025-05-07 23:00:00,0.2799521
2025-05-08 00:00:00,0.47209617
2025-05-08 01:00:00,0.59556854
2025-05-08 02:00:00,0.58131015
2025-05-08 03:00:00,0.37342834
2025-05-08 04:00:00,0.03928012
2025-05-08 05:00:00,-0.24544267
2025-05-08 06:00:00,-0.4155145
2025-05-08 07:00:00,-0.47937286
2025-05-08 08:00:00,-0.4137845
2025-05-08 09:00:00,-0.23643447
2025-05-08 10:00:00,0.04475632
2025-05-08 11:00:00,0.30657962
2025-05-08 12:00:00,0.51171494
2025-05-08 13:00:00,0.63587797
2025-05-08 14:00:00,0.6102362
2025-05-08 15:00:00,0.36925223
2025-05-08 16:00:00,-0.020571798
2025-05-08 17:00:00,-0.3674258
2025-05-08 18:00:00,-0.61478305
2025-05-08 19:00:00,-0.73292756
2025-05-08 20:00:00,-0.67020404
2025-05-08 21:00:00,-0.46771017
2025-05-08 22:00:00,-0.17318207
2025-05-08 23:00:00,0.16248994
2025-05-09 00:00:00,0.41547135
2025-05-09 01:00:00,0.6067361
2025-05-09 02:00:00,0.70315087
2025-05-09 03:00:00,0.6166764
2025-05-09 04:00:00,0.30859065
2025-05-09 05:00:00,-0.078376934
2025-05-09 06:00:00,-0.3871218
2025-05-09 07:00:00,-0.57068384
2025-05-09 08:00:00,-0.58765715
2025-05-09 09:00:00,-0.43089214
2025-05-09 10:00:00,-0.16703358
2025-05-09 11:00:00,0.14988388
2025-05-09 12:00:00,0.41180986
2025-05-09 13:00:00,0.5981342
2025-05-09 14:00:00,0.6703067
2025-05-09 15:00:00,0.566588
2025-05-09 16:00:00,0.23411702
2025-05-09 17:00:00,-0.1766376
2025-05-09 18:00:00,-0.5069541
2025-05-09 19:00:00,-0.7360747
2025-05-09 20:00:00,-0.794172
2025-05-09 21:00:00,-0.6200613
2025-05-09 22:00:00,-0.34646797
2025-05-09 23:00:00,0.026361255
2025-05-10 00:00:00,0.36339167
2025-05-10 01:00:00,0.622091
2025-05-10 02:00:00,0.7973558
2025-05-10 03:00:00,0.812479
2025-05-10 04:00:00,0.5927854
2025-05-10 05:00:00,0.19283815
2025-05-10 06:00:00,-0.2023067
2025-05-10 07:00:00,-0.48409197
2025-05-10 08:00:00,-0.644394
2025-05-10 09:00:00,-0.5824968
2025-05-10 10:00:00,-0.36524016
2025-05-10 11:00:00,-0.040461432
2025-05-10 12:00:00,0.29000622
2025-05-10 13:00:00,0.54170644
2025-05-10 14:00:00,0.699699
2025-05-10 15:00:00,0.70619744
2025-05-10 16:00:00,0.46061534
2025-05-10 17:00:00,0.04711304
2025-05-10 18:00:00,-0.36103883
2025-05-10 19:00:00,-0.6832796
2025-05-10 20:00:00,-0.8516341
2025-05-10 21:00:00,-0.78493786
2025-05-10 22:00:00,-0.5121423
2025-05-10 23:00:00,-0.15459755
2025-05-11 00:00:00,0.24800132
2025-05-11 01:00:00,0.56767046
2025-05-11 02:00:00,0.80665463
2025-05-11 03:00:00,0.93032163
2025-05-11 04:00:00,0.83777285
2025-05-11 05:00:00,0.48527855
2025-05-11 06:00:00,0.024385182
2025-05-11 07:00:00,-0.3520386
2025-05-11 08:00:00,-0.5986533
2025-05-11 09:00:00,-0.6784218
2025-05-11 10:00:00,-0.513226
2025-05-11 11:00:00,-0.24285005
2025-05-11 12:00:00,0.12776391
